id_pago;fecha;operacion_tipo;monto;id_compra
200;2016-12-03;tarjeta de credito cabal;321164.00;1000
201;2024-04-10;tarjeta de credito visa;925892.00;1001
202;2021-10-18;tarjeta de credito american express;1389138.00;1002
203;2019-08-09;tarjeta de credito cabal;1412264.00;1003
204;2024-04-01;tarjeta de credito visa;478452.00;1004
205;2022-10-04;transferencia bancaria;486107.00;1005
206;2020-11-03;transferencia bancaria;486107.00;1006
207;2024-03-25;tarjeta de credito visa;889909.00;1007
208;2020-11-09;tarjeta de credito cabal;756594.00;1008
209;2014-01-17;tarjeta de credito master;405743.00;1009
210;2013-12-25;tarjeta de credito american express;801422.00;1010
211;2017-02-09;tarjeta de credito master;972471.00;1011
212;2019-07-20;transferencia bancaria;390284.00;1012
213;2024-03-17;tarjeta de debito Visa;1414678.00;1013
214;2024-02-29;tarjeta de credito american express;405743.00;1014
215;2019-06-24;tarjeta de credito visa;486107.00;1015
216;2010-02-02;tarjeta de debito Visa;676511.00;1016
217;2024-02-22;tarjeta de credito master;321164.00;1017
218;2024-02-07;transferencia bancaria;321164.00;1018
219;2015-08-16;tarjeta de credito master;756594.00;1019
220;2016-03-05;tarjeta de credito cabal;905568.00;1020
221;2019-10-08;tarjeta de credito visa;925892.00;1021
222;2014-10-25;tarjeta de credito master;909707.00;1022
223;2016-04-12;tarjeta de credito master;1555827.00;1023
224;2018-12-05;tarjeta de credito visa;390284.00;1024
225;2024-02-02;transferencia bancaria;925892.00;1025
226;2024-04-10;tarjeta de credito visa;972471.00;1026
227;2020-10-09;tarjeta de debito Visa;390284.00;1027
228;2019-10-13;transferencia bancaria;321164.00;1028
229;2014-04-07;tarjeta de credito cabal;390284.00;1029
230;2020-09-28;tarjeta de credito master;691278.00;1030
231;2024-04-01;tarjeta de debito Visa;676511.00;1031
232;2016-08-23;tarjeta de credito american express;889909.00;1032
233;2024-03-25;tarjeta de credito master;1369561.00;1033
234;2024-03-17;tarjeta de credito master;925892.00;1034
235;2011-03-02;tarjeta de debito Visa;250000.00;1035
236;2024-02-29;tarjeta de credito master;321164.00;1036
237;2014-09-24;tarjeta de credito visa;470675.00;1037
238;2024-02-22;tarjeta de credito american express;478452.00;1038
239;2024-02-07;tarjeta de credito visa;585268.00;1039
240;2016-09-22;tarjeta de credito american express;405743.00;1040
241;2024-02-02;tarjeta de credito american express;606576.00;1041
242;2020-07-03;transferencia bancaria;801422.00;1042
243;2019-09-20;tarjeta de credito visa;486107.00;1043
244;2020-05-08;tarjeta de credito visa;676511.00;1044
245;2024-02-03;tarjeta de credito visa;691278.00;1045
246;2024-04-10;tarjeta de credito american express;321164.00;1046
247;2024-04-01;tarjeta de credito cabal;905568.00;1047
248;2024-03-25;tarjeta de credito american express;478452.00;1048
249;2024-03-17;tarjeta de credito visa;801422.00;1049
250;2010-04-26;transferencia bancaria;390284.00;1050
251;2024-02-29;tarjeta de credito master;405743.00;1051
252;2024-02-22;tarjeta de credito american express;691278.00;1052
253;2024-02-07;tarjeta de credito american express;756594.00;1053
254;2020-11-27;tarjeta de credito american express;905568.00;1054
255;2024-02-02;tarjeta de credito american express;972471.00;1055
256;2015-06-19;tarjeta de credito master;1170582.00;1056
257;2013-05-07;tarjeta de credito visa;1232010.00;1057
258;2015-06-28;tarjeta de credito visa;470675.00;1058
259;2024-04-10;tarjeta de credito cabal;321164.00;1059
260;2024-02-18;tarjeta de credito cabal;390284.00;1060
261;2024-04-01;tarjeta de credito visa;691278.00;1061
262;2018-11-04;tarjeta de debito Visa;390284.00;1062
263;2024-03-25;tarjeta de debito Visa;889909.00;1063
264;2010-03-04;tarjeta de credito american express;321164.00;1064
265;2014-06-08;transferencia bancaria;457502.00;1065
266;2024-03-17;transferencia bancaria;606576.00;1066
267;2024-02-29;tarjeta de credito cabal;691278.00;1067
268;2024-02-22;transferencia bancaria;1412264.00;1068
269;2024-02-07;tarjeta de credito cabal;478452.00;1069
270;2024-02-02;tarjeta de credito visa;972471.00;1070
271;2013-08-16;tarjeta de credito master;1369561.00;1071
272;2017-12-08;tarjeta de credito master;801422.00;1072
273;2020-10-29;tarjeta de debito Visa;676511.00;1073
274;2014-04-23;tarjeta de credito visa;405743.00;1074
275;2024-04-10;tarjeta de credito visa;390284.00;1075
276;2015-09-01;tarjeta de credito cabal;470675.00;1076
277;2024-04-01;tarjeta de credito cabal;905568.00;1077
278;2023-05-09;tarjeta de credito master;321164.00;1078
279;2024-03-25;tarjeta de credito cabal;405743.00;1079
280;2024-03-17;tarjeta de debito Visa;457502.00;1080
281;2021-10-20;tarjeta de credito cabal;889909.00;1081
282;2016-08-21;tarjeta de credito cabal;321164.00;1082
283;2024-02-29;transferencia bancaria;676511.00;1083
284;2024-02-22;tarjeta de credito master;390284.00;1084
285;2024-02-07;tarjeta de credito master;405743.00;1085
286;2014-05-02;tarjeta de debito Visa;321164.00;1086
287;2024-02-02;tarjeta de debito Visa;909707.00;1087
288;2014-04-30;tarjeta de debito Visa;756594.00;1088
289;2022-06-08;tarjeta de credito american express;478452.00;1089
290;2016-10-20;tarjeta de credito cabal;470675.00;1090
291;2010-04-22;transferencia bancaria;486107.00;1091
292;2021-04-24;tarjeta de credito cabal;585268.00;1092
293;2024-04-10;tarjeta de credito cabal;390284.00;1093
294;2022-08-11;tarjeta de credito american express;470675.00;1094
295;2024-04-01;tarjeta de credito visa;390284.00;1095
296;2024-03-25;tarjeta de credito master;321164.00;1096
297;2013-05-21;transferencia bancaria;925892.00;1097
298;2011-03-01;tarjeta de credito master;1389138.00;1098
299;2015-09-21;tarjeta de credito master;1412264.00;1099
300;2024-03-17;tarjeta de debito Visa;478452.00;1100
301;2024-02-29;tarjeta de credito visa;486107.00;1101
302;2024-02-22;tarjeta de credito master;486107.00;1102
303;2024-02-07;tarjeta de credito visa;889909.00;1103
304;2024-02-02;tarjeta de credito cabal;756594.00;1104
305;2016-09-23;tarjeta de credito visa;405743.00;1105
306;2024-04-10;tarjeta de credito american express;801422.00;1106
307;2013-03-03;tarjeta de credito visa;972471.00;1107
308;2020-11-26;tarjeta de credito cabal;390284.00;1108
309;2014-05-12;tarjeta de credito master;1414678.00;1109
310;2024-04-01;tarjeta de credito american express;405743.00;1110
311;2021-04-27;tarjeta de credito cabal;486107.00;1111
312;2024-03-25;tarjeta de debito Visa;676511.00;1112
313;2013-09-07;tarjeta de credito master;321164.00;1113
314;2024-03-17;tarjeta de debito Visa;321164.00;1114
315;2012-11-18;tarjeta de credito master;756594.00;1115
316;2015-07-14;tarjeta de credito visa;905568.00;1116
317;2024-02-29;transferencia bancaria;925892.00;1117
318;2016-05-24;tarjeta de credito master;909707.00;1118
319;2015-01-10;tarjeta de credito cabal;1555827.00;1119
320;2021-02-09;tarjeta de credito cabal;390284.00;1120
321;2020-12-02;tarjeta de credito visa;925892.00;1121
322;2013-02-25;tarjeta de credito visa;972471.00;1122
323;2022-09-23;tarjeta de credito american express;390284.00;1123
324;2010-05-11;tarjeta de credito visa;321164.00;1124
325;2013-09-18;transferencia bancaria;390284.00;1125
326;2015-07-29;tarjeta de credito cabal;691278.00;1126
327;2024-02-22;tarjeta de credito master;676511.00;1127
328;2014-11-09;tarjeta de debito Visa;889909.00;1128
329;2021-05-04;transferencia bancaria;1369561.00;1129
330;2019-12-12;tarjeta de credito visa;925892.00;1130
331;2024-02-07;tarjeta de credito american express;250000.00;1131
332;2024-02-02;tarjeta de credito cabal;321164.00;1132
333;2014-02-01;tarjeta de credito american express;470675.00;1133
334;2024-04-10;tarjeta de credito cabal;478452.00;1134
335;2024-04-01;tarjeta de debito Visa;585268.00;1135
336;2018-10-20;tarjeta de credito master;405743.00;1136
337;2024-03-25;tarjeta de credito american express;606576.00;1137
338;2024-03-17;tarjeta de credito visa;801422.00;1138
339;2022-10-19;tarjeta de credito master;486107.00;1139
340;2014-10-01;tarjeta de credito master;676511.00;1140
341;2011-03-24;tarjeta de debito Visa;691278.00;1141
342;2015-08-25;tarjeta de credito cabal;321164.00;1142
343;2024-02-29;tarjeta de credito master;905568.00;1143
344;2022-07-23;tarjeta de credito cabal;478452.00;1144
345;2024-02-22;tarjeta de debito Visa;801422.00;1145
346;2024-02-07;tarjeta de credito cabal;390284.00;1146
347;2012-12-16;tarjeta de credito visa;405743.00;1147
348;2024-02-02;transferencia bancaria;691278.00;1148
349;2014-04-19;tarjeta de credito american express;756594.00;1149
350;2021-05-08;tarjeta de credito cabal;905568.00;1150
351;2024-04-10;tarjeta de credito visa;972471.00;1151
352;2016-02-04;tarjeta de credito visa;1170582.00;1152
353;2021-08-01;tarjeta de credito american express;1232010.00;1153
354;2024-04-01;tarjeta de credito american express;470675.00;1154
355;2011-07-08;tarjeta de credito master;321164.00;1155
356;2017-02-22;transferencia bancaria;390284.00;1156
357;2013-09-10;transferencia bancaria;691278.00;1157
358;2023-11-10;transferencia bancaria;390284.00;1158
359;2010-05-07;tarjeta de credito visa;889909.00;1159
360;2024-03-25;tarjeta de credito visa;321164.00;1160
361;2024-03-17;tarjeta de credito master;457502.00;1161
362;2012-08-23;tarjeta de debito Visa;606576.00;1162
363;2015-09-04;tarjeta de credito cabal;691278.00;1163
364;2024-02-29;tarjeta de credito visa;1412264.00;1164
365;2024-02-22;transferencia bancaria;478452.00;1165
366;2015-06-09;tarjeta de credito visa;972471.00;1166
367;2018-03-07;tarjeta de credito american express;1369561.00;1167
368;2017-01-14;tarjeta de credito visa;801422.00;1168
369;2021-02-27;tarjeta de debito Visa;676511.00;1169
370;2021-06-13;tarjeta de debito Visa;405743.00;1170
371;2024-02-07;tarjeta de credito master;390284.00;1171
372;2024-02-02;tarjeta de debito Visa;470675.00;1172
373;2024-01-29;transferencia bancaria;905568.00;1173
374;2023-11-20;tarjeta de credito cabal;321164.00;1174
375;2012-01-07;tarjeta de credito master;405743.00;1175
376;2019-03-31;transferencia bancaria;457502.00;1176
377;2014-01-09;transferencia bancaria;889909.00;1177
378;2021-12-29;tarjeta de credito visa;321164.00;1178
379;2011-12-03;tarjeta de credito cabal;676511.00;1179
380;2022-01-14;tarjeta de credito american express;390284.00;1180
381;2024-01-10;tarjeta de debito Visa;405743.00;1181
382;2024-01-01;tarjeta de credito visa;321164.00;1182
383;2011-08-09;tarjeta de credito american express;909707.00;1183
384;2023-12-07;transferencia bancaria;756594.00;1184
385;2023-12-03;tarjeta de debito Visa;478452.00;1185
386;2023-11-24;tarjeta de credito visa;470675.00;1186
387;2014-07-15;tarjeta de credito master;486107.00;1187
388;2010-03-08;transferencia bancaria;585268.00;1188
389;2023-11-20;transferencia bancaria;390284.00;1189
390;2010-09-02;transferencia bancaria;470675.00;1190
391;2015-11-07;tarjeta de debito Visa;390284.00;1191
392;2023-11-14;transferencia bancaria;321164.00;1192
393;2023-10-09;tarjeta de credito visa;925892.00;1193
394;2023-09-09;tarjeta de credito american express;1389138.00;1194
395;2010-08-23;tarjeta de credito cabal;1412264.00;1195
396;2023-08-09;transferencia bancaria;478452.00;1196
397;2010-09-24;tarjeta de credito cabal;486107.00;1197
398;2023-08-05;tarjeta de credito visa;486107.00;1198
399;2017-07-11;tarjeta de debito Visa;889909.00;1199
400;2023-07-28;tarjeta de credito master;756594.00;1200
401;2023-07-22;transferencia bancaria;405743.00;1201
402;2015-11-20;tarjeta de credito visa;801422.00;1202
403;2017-02-02;tarjeta de debito Visa;972471.00;1203
404;2023-07-17;tarjeta de credito visa;390284.00;1204
405;2023-07-06;tarjeta de debito Visa;1414678.00;1205
406;2016-06-01;tarjeta de credito visa;405743.00;1206
407;2023-07-02;transferencia bancaria;486107.00;1207
408;2023-06-27;transferencia bancaria;676511.00;1208
409;2022-05-29;tarjeta de credito master;321164.00;1209
410;2012-04-14;transferencia bancaria;321164.00;1210
411;2015-04-23;tarjeta de credito american express;756594.00;1211
412;2013-02-01;tarjeta de credito master;905568.00;1212
413;2014-04-25;tarjeta de credito master;925892.00;1213
414;2023-06-27;tarjeta de credito american express;909707.00;1214
415;2023-06-25;transferencia bancaria;1555827.00;1215
416;2014-06-12;tarjeta de credito cabal;390284.00;1216
417;2023-06-24;tarjeta de debito Visa;925892.00;1217
418;2020-05-02;tarjeta de debito Visa;972471.00;1218
419;2017-12-16;tarjeta de credito visa;390284.00;1219
420;2018-10-30;transferencia bancaria;321164.00;1220
421;2014-01-15;tarjeta de credito visa;390284.00;1221
422;2012-02-25;transferencia bancaria;691278.00;1222
423;2023-05-25;tarjeta de debito Visa;676511.00;1223
424;2019-08-04;tarjeta de credito master;889909.00;1224
425;2024-01-06;tarjeta de credito cabal;1369561.00;1225
426;2012-03-14;tarjeta de credito master;925892.00;1226
427;2023-05-24;tarjeta de credito cabal;250000.00;1227
428;2023-05-21;transferencia bancaria;321164.00;1228
429;2018-04-21;tarjeta de debito Visa;470675.00;1229
430;2023-05-13;transferencia bancaria;478452.00;1230
431;2023-05-03;tarjeta de debito Visa;585268.00;1231
432;2023-04-18;transferencia bancaria;405743.00;1232
433;2021-08-18;tarjeta de debito Visa;606576.00;1233
434;2015-11-16;tarjeta de debito Visa;801422.00;1234
435;2023-04-17;tarjeta de credito cabal;486107.00;1235
436;2021-08-22;tarjeta de credito american express;676511.00;1236
437;2010-01-14;tarjeta de debito Visa;691278.00;1237
438;2023-04-02;tarjeta de credito cabal;321164.00;1238
439;2023-03-24;tarjeta de credito master;905568.00;1239
440;2010-02-22;transferencia bancaria;478452.00;1240
441;2024-03-13;tarjeta de credito cabal;801422.00;1241
442;2021-10-11;tarjeta de debito Visa;390284.00;1242
443;2013-09-05;tarjeta de credito master;405743.00;1243
444;2023-07-02;transferencia bancaria;691278.00;1244
445;2023-03-13;transferencia bancaria;756594.00;1245
446;2022-03-07;tarjeta de debito Visa;905568.00;1246
447;2017-05-17;tarjeta de debito Visa;972471.00;1247
448;2023-02-23;transferencia bancaria;1170582.00;1248
449;2023-02-16;tarjeta de credito visa;1232010.00;1249
450;2023-01-19;tarjeta de credito american express;470675.00;1250
451;2023-01-10;tarjeta de debito Visa;321164.00;1251
452;2024-04-10;tarjeta de credito master;390284.00;1252
453;2014-04-14;transferencia bancaria;691278.00;1253
454;2023-07-13;tarjeta de credito visa;390284.00;1254
455;2019-07-31;tarjeta de credito american express;889909.00;1255
456;2024-04-01;transferencia bancaria;321164.00;1256
457;2018-10-26;transferencia bancaria;457502.00;1257
458;2013-03-28;tarjeta de credito american express;606576.00;1258
459;2016-07-31;tarjeta de debito Visa;691278.00;1259
460;2019-04-21;tarjeta de credito cabal;1412264.00;1260
461;2024-03-25;transferencia bancaria;478452.00;1261
462;2019-12-01;tarjeta de credito master;972471.00;1262
463;2011-12-11;tarjeta de debito Visa;1369561.00;1263
464;2024-03-17;tarjeta de credito master;801422.00;1264
465;2016-03-26;tarjeta de credito master;676511.00;1265
466;2011-02-27;tarjeta de debito Visa;405743.00;1266
467;2018-05-26;tarjeta de credito american express;390284.00;1267
468;2019-04-11;tarjeta de debito Visa;470675.00;1268
469;2011-02-25;transferencia bancaria;905568.00;1269
470;2015-06-01;tarjeta de credito master;321164.00;1270
471;2024-02-29;tarjeta de credito master;405743.00;1271
472;2024-02-22;tarjeta de debito Visa;457502.00;1272
473;2013-03-06;tarjeta de credito cabal;889909.00;1273
474;2024-02-07;tarjeta de credito cabal;321164.00;1274
475;2022-02-08;tarjeta de credito visa;676511.00;1275
476;2018-08-14;tarjeta de credito visa;390284.00;1276
477;2021-03-13;tarjeta de debito Visa;405743.00;1277
478;2021-09-13;tarjeta de debito Visa;321164.00;1278
479;2017-09-15;transferencia bancaria;909707.00;1279
480;2022-09-05;tarjeta de credito master;756594.00;1280
481;2019-06-18;tarjeta de credito cabal;478452.00;1281
482;2024-02-02;tarjeta de credito master;470675.00;1282
483;2016-01-13;tarjeta de credito visa;486107.00;1283
484;2022-02-18;tarjeta de credito visa;585268.00;1284
485;2024-01-29;tarjeta de credito cabal;390284.00;1285
486;2017-02-27;tarjeta de credito visa;470675.00;1286
487;2024-01-10;tarjeta de credito visa;390284.00;1287
488;2024-01-01;tarjeta de credito visa;321164.00;1288
489;2020-09-04;tarjeta de credito american express;925892.00;1289
490;2023-12-07;tarjeta de credito master;1389138.00;1290
491;2022-07-04;tarjeta de credito cabal;1412264.00;1291
492;2013-01-08;tarjeta de credito american express;478452.00;1292
493;2010-12-06;tarjeta de credito visa;486107.00;1293
494;2016-02-28;transferencia bancaria;486107.00;1294
495;2023-12-03;transferencia bancaria;889909.00;1295
496;2019-03-31;tarjeta de credito visa;756594.00;1296
497;2023-11-24;tarjeta de debito Visa;405743.00;1297
498;2015-08-12;tarjeta de debito Visa;801422.00;1298
499;2017-05-16;tarjeta de credito american express;972471.00;1299
500;2017-04-26;tarjeta de debito Visa;390284.00;1300
501;2020-02-14;tarjeta de credito visa;1414678.00;1301
502;2023-11-20;tarjeta de credito american express;405743.00;1302
503;2020-04-15;tarjeta de credito master;486107.00;1303
504;2023-11-14;tarjeta de credito american express;676511.00;1304
505;2023-10-09;transferencia bancaria;321164.00;1305
506;2014-04-14;tarjeta de debito Visa;321164.00;1306
507;2019-12-17;transferencia bancaria;756594.00;1307
508;2019-03-04;tarjeta de credito american express;905568.00;1308
509;2016-08-17;tarjeta de credito cabal;925892.00;1309
510;2011-05-06;tarjeta de credito cabal;909707.00;1310
511;2014-10-17;tarjeta de credito american express;1555827.00;1311
512;2023-09-09;tarjeta de credito visa;390284.00;1312
513;2023-08-09;tarjeta de debito Visa;925892.00;1313
514;2020-03-05;tarjeta de debito Visa;972471.00;1314
515;2023-07-28;tarjeta de debito Visa;390284.00;1315
516;2017-07-17;tarjeta de credito american express;321164.00;1316
517;2023-07-22;tarjeta de credito master;390284.00;1317
518;2023-07-17;tarjeta de credito cabal;691278.00;1318
519;2023-07-06;tarjeta de credito american express;676511.00;1319
520;2023-07-02;tarjeta de credito visa;889909.00;1320
521;2019-07-16;transferencia bancaria;1369561.00;1321
522;2023-06-27;transferencia bancaria;925892.00;1322
523;2023-06-27;tarjeta de credito american express;250000.00;1323
524;2023-06-25;transferencia bancaria;321164.00;1324
525;2023-06-24;transferencia bancaria;470675.00;1325
526;2013-11-01;tarjeta de debito Visa;478452.00;1326
527;2016-05-23;tarjeta de credito cabal;585268.00;1327
528;2023-05-25;tarjeta de credito american express;405743.00;1328
529;2023-05-24;tarjeta de debito Visa;606576.00;1329
530;2023-05-21;tarjeta de debito Visa;801422.00;1330
531;2012-08-30;tarjeta de credito american express;486107.00;1331
532;2023-05-13;transferencia bancaria;676511.00;1332
533;2023-05-03;transferencia bancaria;691278.00;1333
534;2023-04-18;transferencia bancaria;321164.00;1334
535;2015-06-20;tarjeta de credito visa;905568.00;1335
536;2021-05-29;transferencia bancaria;478452.00;1336
537;2017-06-22;tarjeta de credito visa;801422.00;1337
538;2022-05-16;tarjeta de credito master;390284.00;1338
539;2022-08-11;tarjeta de credito master;405743.00;1339
540;2013-08-26;transferencia bancaria;691278.00;1340
541;2019-03-17;tarjeta de credito visa;756594.00;1341
542;2023-04-17;tarjeta de credito american express;905568.00;1342
543;2015-05-10;transferencia bancaria;972471.00;1343
544;2023-04-02;tarjeta de credito cabal;1170582.00;1344
545;2023-03-24;transferencia bancaria;1232010.00;1345
546;2022-06-19;tarjeta de debito Visa;470675.00;1346
547;2023-03-13;tarjeta de credito master;321164.00;1347
548;2023-02-23;tarjeta de credito american express;390284.00;1348
549;2022-06-04;tarjeta de debito Visa;691278.00;1349
550;2019-10-04;tarjeta de debito Visa;390284.00;1350
551;2019-05-28;tarjeta de credito american express;889909.00;1351
552;2023-02-16;tarjeta de credito master;321164.00;1352
553;2014-05-14;transferencia bancaria;457502.00;1353
554;2023-01-19;tarjeta de credito visa;606576.00;1354
555;2016-07-17;tarjeta de credito american express;691278.00;1355
556;2023-02-19;tarjeta de debito Visa;1412264.00;1356
557;2011-08-01;tarjeta de debito Visa;478452.00;1357
558;2023-01-10;tarjeta de credito visa;972471.00;1358
559;2024-04-10;tarjeta de credito master;1369561.00;1359
560;2019-11-15;tarjeta de credito visa;801422.00;1360
561;2019-10-26;tarjeta de credito american express;676511.00;1361
562;2020-05-18;tarjeta de credito master;405743.00;1362
563;2014-11-02;transferencia bancaria;390284.00;1363
564;2024-04-01;tarjeta de debito Visa;470675.00;1364
565;2018-06-03;tarjeta de credito cabal;905568.00;1365
566;2024-03-25;transferencia bancaria;321164.00;1366
567;2010-05-23;tarjeta de credito visa;405743.00;1367
568;2024-03-17;tarjeta de credito visa;457502.00;1368
569;2018-08-20;tarjeta de debito Visa;889909.00;1369
570;2017-03-07;transferencia bancaria;321164.00;1370
571;2021-05-13;tarjeta de credito cabal;676511.00;1371
572;2021-09-12;tarjeta de credito master;390284.00;1372
573;2021-09-16;transferencia bancaria;405743.00;1373
574;2018-08-21;tarjeta de credito american express;321164.00;1374
575;2011-01-22;tarjeta de credito american express;909707.00;1375
576;2015-12-28;tarjeta de credito master;756594.00;1376
577;2019-03-11;transferencia bancaria;478452.00;1377
578;2024-02-29;tarjeta de credito visa;470675.00;1378
579;2022-08-11;transferencia bancaria;486107.00;1379
580;2024-02-22;tarjeta de credito american express;585268.00;1380
581;2024-02-07;tarjeta de credito cabal;390284.00;1381
582;2012-05-23;tarjeta de debito Visa;470675.00;1382
583;2019-08-09;tarjeta de credito visa;390284.00;1383
584;2024-04-06;tarjeta de credito visa;321164.00;1384
585;2011-04-26;tarjeta de credito american express;925892.00;1385
586;2024-02-02;tarjeta de credito master;1389138.00;1386
587;2024-01-29;tarjeta de credito visa;1412264.00;1387
588;2024-01-10;tarjeta de credito american express;478452.00;1388
589;2024-01-01;tarjeta de debito Visa;486107.00;1389
590;2023-12-07;tarjeta de credito cabal;486107.00;1390
591;2023-06-21;tarjeta de credito visa;889909.00;1391
592;2023-12-03;tarjeta de debito Visa;756594.00;1392
593;2023-11-24;tarjeta de debito Visa;405743.00;1393
594;2010-06-28;tarjeta de credito master;801422.00;1394
595;2019-11-22;tarjeta de debito Visa;972471.00;1395
596;2012-05-18;tarjeta de credito master;390284.00;1396
597;2023-11-20;tarjeta de credito master;1414678.00;1397
598;2023-11-14;tarjeta de debito Visa;405743.00;1398
599;2022-01-03;tarjeta de credito visa;486107.00;1399
600;2023-10-09;tarjeta de credito cabal;676511.00;1400
601;2018-03-28;tarjeta de credito cabal;321164.00;1401
602;2020-10-06;transferencia bancaria;321164.00;1402
603;2015-01-07;tarjeta de credito american express;756594.00;1403
604;2023-12-03;tarjeta de credito cabal;905568.00;1404
605;2023-09-09;tarjeta de credito visa;925892.00;1405
606;2013-03-29;tarjeta de credito visa;909707.00;1406
607;2012-02-18;tarjeta de credito cabal;1555827.00;1407
608;2023-08-09;tarjeta de credito visa;390284.00;1408
609;2023-07-28;tarjeta de credito cabal;925892.00;1409
610;2023-07-22;tarjeta de credito cabal;972471.00;1410
611;2023-07-17;transferencia bancaria;390284.00;1411
612;2016-06-07;tarjeta de credito american express;321164.00;1412
613;2023-07-06;tarjeta de debito Visa;390284.00;1413
614;2019-11-03;tarjeta de credito american express;691278.00;1414
615;2013-03-29;tarjeta de credito cabal;676511.00;1415
616;2018-05-05;tarjeta de debito Visa;889909.00;1416
617;2023-07-02;tarjeta de debito Visa;1369561.00;1417
618;2019-12-02;tarjeta de debito Visa;925892.00;1418
619;2023-06-27;tarjeta de credito visa;250000.00;1419
620;2014-10-18;transferencia bancaria;321164.00;1420
621;2014-04-28;tarjeta de credito american express;470675.00;1421
622;2023-06-27;tarjeta de credito cabal;478452.00;1422
623;2023-06-25;tarjeta de credito master;585268.00;1423
624;2023-06-24;tarjeta de credito visa;405743.00;1424
625;2019-07-21;transferencia bancaria;606576.00;1425
626;2020-11-05;tarjeta de debito Visa;801422.00;1426
627;2018-01-09;tarjeta de debito Visa;486107.00;1427
628;2013-10-20;tarjeta de credito cabal;676511.00;1428
629;2018-01-25;tarjeta de debito Visa;691278.00;1429
630;2018-03-27;transferencia bancaria;321164.00;1430
631;2017-05-19;transferencia bancaria;905568.00;1431
632;2023-01-06;tarjeta de credito american express;478452.00;1432
633;2020-10-16;transferencia bancaria;801422.00;1433
634;2013-04-21;tarjeta de credito american express;390284.00;1434
635;2021-04-13;tarjeta de debito Visa;405743.00;1435
636;2010-07-22;tarjeta de credito visa;691278.00;1436
637;2010-04-28;tarjeta de credito cabal;756594.00;1437
638;2013-07-08;tarjeta de debito Visa;905568.00;1438
639;2023-05-25;tarjeta de credito cabal;972471.00;1439
640;2023-05-24;tarjeta de credito master;1170582.00;1440
641;2023-05-21;tarjeta de credito cabal;1232010.00;1441
642;2023-05-21;tarjeta de credito master;470675.00;1442
643;2023-05-13;transferencia bancaria;321164.00;1443
644;2023-05-03;transferencia bancaria;390284.00;1444
645;2013-06-25;tarjeta de credito visa;691278.00;1445
646;2019-11-03;tarjeta de credito american express;390284.00;1446
647;2010-07-13;tarjeta de credito master;889909.00;1447
648;2021-04-01;tarjeta de credito cabal;321164.00;1448
649;2023-04-18;tarjeta de credito american express;457502.00;1449
650;2023-04-17;tarjeta de credito master;606576.00;1450
651;2014-07-01;tarjeta de debito Visa;691278.00;1451
652;2010-10-22;transferencia bancaria;1412264.00;1452
653;2018-07-01;tarjeta de credito master;478452.00;1453
654;2023-04-02;tarjeta de credito visa;972471.00;1454
655;2023-03-24;tarjeta de credito cabal;1369561.00;1455
656;2023-05-17;tarjeta de credito master;801422.00;1456
657;2014-05-25;transferencia bancaria;676511.00;1457
658;2023-03-13;tarjeta de credito american express;405743.00;1458
659;2015-06-16;transferencia bancaria;390284.00;1459
660;2019-04-24;tarjeta de credito american express;470675.00;1460
661;2011-05-08;tarjeta de credito american express;905568.00;1461
662;2023-11-16;tarjeta de credito cabal;321164.00;1462
663;2023-02-23;tarjeta de credito cabal;405743.00;1463
664;2023-02-16;transferencia bancaria;457502.00;1464
665;2015-06-29;transferencia bancaria;889909.00;1465
666;2023-01-19;tarjeta de credito visa;321164.00;1466
667;2023-01-10;tarjeta de credito cabal;676511.00;1467
668;2024-04-10;tarjeta de credito master;390284.00;1468
669;2024-04-01;tarjeta de credito visa;405743.00;1469
670;2014-08-01;tarjeta de credito american express;321164.00;1470
671;2024-03-25;tarjeta de credito visa;909707.00;1471
672;2024-03-17;transferencia bancaria;756594.00;1472
673;2016-10-10;transferencia bancaria;478452.00;1473
674;2017-03-25;tarjeta de credito visa;470675.00;1474
675;2015-11-05;tarjeta de debito Visa;486107.00;1475
676;2011-04-16;tarjeta de credito american express;585268.00;1476
677;2024-02-29;tarjeta de credito visa;390284.00;1477
678;2024-02-22;tarjeta de credito master;470675.00;1478
679;2014-07-11;tarjeta de credito cabal;390284.00;1479
680;2024-02-07;tarjeta de credito visa;321164.00;1480
681;2024-02-02;tarjeta de credito master;925892.00;1481
682;2024-01-29;tarjeta de credito cabal;1389138.00;1482
683;2011-02-10;tarjeta de credito visa;1412264.00;1483
684;2021-12-24;tarjeta de debito Visa;478452.00;1484
685;2024-01-10;tarjeta de credito visa;486107.00;1485
686;2024-01-01;tarjeta de debito Visa;486107.00;1486
687;2012-09-10;tarjeta de debito Visa;889909.00;1487
688;2023-12-07;tarjeta de credito american express;756594.00;1488
689;2023-12-03;tarjeta de credito american express;405743.00;1489
690;2011-02-17;tarjeta de debito Visa;801422.00;1490
691;2010-01-03;transferencia bancaria;972471.00;1491
692;2023-11-24;tarjeta de credito master;390284.00;1492
693;2023-11-20;transferencia bancaria;1414678.00;1493
694;2022-07-05;tarjeta de debito Visa;405743.00;1494
695;2016-08-03;tarjeta de credito american express;486107.00;1495
696;2022-05-19;transferencia bancaria;676511.00;1496
697;2021-07-01;tarjeta de debito Visa;321164.00;1497
698;2021-08-27;transferencia bancaria;321164.00;1498
699;2013-09-23;tarjeta de credito visa;756594.00;1499
700;2023-11-14;tarjeta de credito visa;905568.00;1500
701;2020-08-24;tarjeta de credito master;925892.00;1501
702;2014-11-13;transferencia bancaria;909707.00;1502
703;2023-10-09;tarjeta de debito Visa;1555827.00;1503
704;2015-02-13;tarjeta de credito american express;390284.00;1504
705;2023-09-09;tarjeta de credito master;925892.00;1505
706;2018-01-16;transferencia bancaria;972471.00;1506
707;2022-03-28;tarjeta de credito visa;390284.00;1507
708;2023-07-24;tarjeta de debito Visa;321164.00;1508
709;2020-01-01;transferencia bancaria;390284.00;1509
710;2023-08-09;transferencia bancaria;691278.00;1510
711;2018-02-11;tarjeta de credito cabal;676511.00;1511
712;2023-07-28;tarjeta de debito Visa;889909.00;1512
713;2018-06-21;tarjeta de credito american express;1369561.00;1513
714;2023-07-22;tarjeta de debito Visa;925892.00;1514
715;2022-05-31;tarjeta de debito Visa;250000.00;1515
716;2023-07-17;tarjeta de debito Visa;321164.00;1516
717;2010-04-17;tarjeta de debito Visa;470675.00;1517
718;2018-05-07;transferencia bancaria;478452.00;1518
719;2010-09-08;tarjeta de credito cabal;585268.00;1519
720;2015-01-01;tarjeta de credito visa;405743.00;1520
721;2023-07-06;tarjeta de credito master;606576.00;1521
722;2012-09-19;tarjeta de credito visa;801422.00;1522
723;2014-02-13;tarjeta de credito master;486107.00;1523
724;2023-07-02;tarjeta de debito Visa;676511.00;1524
725;2013-04-08;tarjeta de credito cabal;691278.00;1525
726;2017-03-31;tarjeta de debito Visa;321164.00;1526
727;2023-06-27;tarjeta de debito Visa;905568.00;1527
728;2015-08-31;tarjeta de credito master;478452.00;1528
729;2023-06-27;tarjeta de credito visa;801422.00;1529
730;2022-02-23;tarjeta de debito Visa;390284.00;1530
731;2023-06-25;tarjeta de credito american express;405743.00;1531
732;2023-06-24;tarjeta de credito american express;691278.00;1532
733;2023-01-15;tarjeta de credito cabal;756594.00;1533
734;2024-03-21;transferencia bancaria;905568.00;1534
735;2012-01-17;transferencia bancaria;972471.00;1535
736;2023-06-23;tarjeta de credito visa;1170582.00;1536
737;2018-01-28;tarjeta de credito cabal;1232010.00;1537
738;2023-05-25;tarjeta de debito Visa;470675.00;1538
739;2018-05-03;tarjeta de debito Visa;321164.00;1539
740;2015-04-05;tarjeta de credito visa;390284.00;1540
741;2017-02-16;tarjeta de credito master;691278.00;1541
742;2019-10-12;tarjeta de credito american express;390284.00;1542
743;2023-05-24;tarjeta de credito cabal;889909.00;1543
744;2021-10-02;tarjeta de credito american express;321164.00;1544
745;2019-03-22;tarjeta de debito Visa;457502.00;1545
746;2017-08-30;tarjeta de credito master;606576.00;1546
747;2017-03-05;tarjeta de credito cabal;691278.00;1547
748;2023-05-21;tarjeta de debito Visa;1412264.00;1548
749;2021-05-31;tarjeta de credito visa;478452.00;1549
750;2015-11-07;tarjeta de credito visa;972471.00;1550
751;2023-05-13;tarjeta de credito american express;1369561.00;1551
752;2022-04-30;tarjeta de credito american express;801422.00;1552
753;2014-04-01;tarjeta de credito cabal;676511.00;1553
754;2023-05-03;tarjeta de credito cabal;405743.00;1554
755;2014-11-30;tarjeta de credito visa;390284.00;1555
756;2016-01-17;tarjeta de credito master;470675.00;1556
757;2012-11-07;tarjeta de credito cabal;905568.00;1557
758;2013-02-26;tarjeta de credito visa;321164.00;1558
759;2023-04-18;tarjeta de debito Visa;405743.00;1559
760;2023-04-17;tarjeta de credito master;457502.00;1560
761;2012-01-03;tarjeta de credito cabal;889909.00;1561
762;2010-07-10;transferencia bancaria;321164.00;1562
763;2021-08-25;tarjeta de credito cabal;676511.00;1563
764;2011-09-19;tarjeta de credito american express;390284.00;1564
765;2023-04-02;transferencia bancaria;405743.00;1565
766;2018-12-14;tarjeta de debito Visa;321164.00;1566
767;2022-07-29;tarjeta de credito american express;909707.00;1567
768;2020-02-09;tarjeta de credito visa;756594.00;1568
769;2019-07-20;tarjeta de credito visa;478452.00;1569
770;2023-10-05;tarjeta de credito american express;470675.00;1570
771;2020-04-15;transferencia bancaria;486107.00;1571
772;2011-12-03;transferencia bancaria;585268.00;1572
773;2018-01-30;tarjeta de credito american express;390284.00;1573
774;2017-11-12;transferencia bancaria;470675.00;1574
775;2023-03-24;tarjeta de credito american express;390284.00;1575
776;2016-04-12;transferencia bancaria;321164.00;1576
777;2023-03-13;tarjeta de credito master;925892.00;1577
778;2023-02-23;tarjeta de credito visa;1389138.00;1578
779;2014-09-03;tarjeta de credito visa;1412264.00;1579
780;2023-02-16;tarjeta de debito Visa;478452.00;1580
781;2013-06-20;tarjeta de credito master;486107.00;1581
782;2016-05-16;tarjeta de credito master;486107.00;1582
783;2023-01-19;tarjeta de credito cabal;889909.00;1583
784;2013-10-18;tarjeta de credito master;756594.00;1584
785;2023-01-10;tarjeta de credito american express;405743.00;1585
786;2016-08-01;tarjeta de debito Visa;801422.00;1586
787;2024-04-10;tarjeta de credito visa;972471.00;1587
788;2024-04-01;tarjeta de credito american express;390284.00;1588
789;2024-03-25;tarjeta de credito master;1414678.00;1589
790;2020-08-21;tarjeta de credito master;405743.00;1590
791;2012-05-21;tarjeta de debito Visa;486107.00;1591
792;2022-10-15;tarjeta de credito american express;676511.00;1592
793;2017-12-23;tarjeta de credito cabal;321164.00;1593
794;2021-05-19;transferencia bancaria;321164.00;1594
795;2017-01-24;tarjeta de credito visa;756594.00;1595
796;2024-03-17;tarjeta de credito visa;905568.00;1596
797;2022-04-21;tarjeta de credito american express;925892.00;1597
798;2011-02-03;tarjeta de credito cabal;909707.00;1598
799;2017-04-13;tarjeta de credito master;1555827.00;1599
800;2024-02-29;tarjeta de credito american express;390284.00;1600
801;2024-02-22;tarjeta de credito master;925892.00;1601
802;2014-11-02;tarjeta de credito visa;972471.00;1602
803;2024-02-07;tarjeta de credito master;390284.00;1603
804;2024-02-02;tarjeta de credito visa;321164.00;1604
805;2011-06-03;tarjeta de debito Visa;390284.00;1605
806;2018-06-20;tarjeta de credito visa;691278.00;1606
807;2015-02-22;tarjeta de credito cabal;676511.00;1607
808;2024-01-29;tarjeta de debito Visa;889909.00;1608
809;2022-09-22;tarjeta de debito Visa;1369561.00;1609
810;2017-11-01;tarjeta de debito Visa;925892.00;1610
811;2013-09-29;tarjeta de credito american express;250000.00;1611
812;2024-01-10;tarjeta de credito master;321164.00;1612
813;2020-08-07;tarjeta de credito cabal;470675.00;1613
814;2023-03-20;transferencia bancaria;478452.00;1614
815;2021-08-02;transferencia bancaria;585268.00;1615
816;2010-11-18;tarjeta de credito master;405743.00;1616
817;2021-05-06;tarjeta de credito visa;606576.00;1617
818;2016-07-06;tarjeta de credito visa;801422.00;1618
819;2020-07-31;tarjeta de credito cabal;486107.00;1619
820;2013-12-07;transferencia bancaria;676511.00;1620
821;2024-01-01;tarjeta de credito master;691278.00;1621
822;2023-12-07;tarjeta de credito visa;321164.00;1622
823;2022-10-23;tarjeta de debito Visa;905568.00;1623
824;2021-08-30;tarjeta de credito master;478452.00;1624
825;2020-04-11;tarjeta de credito american express;801422.00;1625
826;2024-03-28;tarjeta de credito american express;390284.00;1626
827;2016-04-08;transferencia bancaria;405743.00;1627
828;2012-04-13;transferencia bancaria;691278.00;1628
829;2010-01-06;tarjeta de credito american express;756594.00;1629
830;2022-06-21;transferencia bancaria;905568.00;1630
831;2016-02-24;tarjeta de credito visa;972471.00;1631
832;2023-12-03;tarjeta de debito Visa;1170582.00;1632
833;2017-08-30;tarjeta de debito Visa;1232010.00;1633
834;2023-11-24;tarjeta de credito cabal;470675.00;1634
835;2020-01-05;tarjeta de debito Visa;321164.00;1635
836;2010-05-21;tarjeta de credito visa;390284.00;1636
837;2023-11-20;tarjeta de debito Visa;691278.00;1637
838;2015-03-13;tarjeta de credito master;390284.00;1638
839;2022-05-01;tarjeta de credito visa;889909.00;1639
840;2024-02-25;tarjeta de credito cabal;321164.00;1640
841;2023-11-14;tarjeta de credito visa;457502.00;1641
842;2023-10-09;tarjeta de debito Visa;606576.00;1642
843;2024-01-25;tarjeta de credito american express;691278.00;1643
844;2011-03-28;transferencia bancaria;1412264.00;1644
845;2011-08-08;tarjeta de credito visa;478452.00;1645
846;2013-01-09;tarjeta de debito Visa;972471.00;1646
847;2023-09-09;tarjeta de credito visa;1369561.00;1647
848;2023-05-20;tarjeta de credito visa;801422.00;1648
849;2023-08-09;tarjeta de credito cabal;676511.00;1649
850;2010-11-25;tarjeta de credito american express;405743.00;1650
851;2023-07-28;tarjeta de credito cabal;390284.00;1651
852;2019-03-23;tarjeta de credito visa;470675.00;1652
853;2023-07-22;tarjeta de debito Visa;905568.00;1653
854;2023-07-17;tarjeta de credito master;321164.00;1654
855;2010-05-30;tarjeta de credito american express;405743.00;1655
856;2010-10-15;tarjeta de credito american express;457502.00;1656
857;2023-04-13;tarjeta de credito american express;889909.00;1657
858;2015-08-12;tarjeta de credito visa;321164.00;1658
859;2013-04-08;tarjeta de credito cabal;676511.00;1659
860;2023-07-06;tarjeta de debito Visa;390284.00;1660
861;2023-07-02;tarjeta de credito visa;405743.00;1661
862;2023-06-27;tarjeta de credito american express;321164.00;1662
863;2023-06-27;transferencia bancaria;909707.00;1663
864;2023-06-25;tarjeta de debito Visa;756594.00;1664
865;2014-07-16;tarjeta de credito cabal;478452.00;1665
866;2023-06-24;tarjeta de debito Visa;470675.00;1666
867;2009-12-30;tarjeta de debito Visa;486107.00;1667
868;2018-06-10;transferencia bancaria;585268.00;1668
869;2020-12-02;tarjeta de credito american express;390284.00;1669
870;2013-08-21;tarjeta de credito visa;470675.00;1670
871;2010-09-26;tarjeta de credito visa;390284.00;1671
872;2023-05-25;tarjeta de debito Visa;321164.00;1672
873;2012-01-21;tarjeta de credito visa;925892.00;1673
874;2018-07-26;tarjeta de credito visa;1389138.00;1674
875;2023-05-24;tarjeta de credito american express;1412264.00;1675
876;2022-10-06;tarjeta de credito visa;478452.00;1676
877;2023-05-21;transferencia bancaria;486107.00;1677
878;2020-08-24;transferencia bancaria;486107.00;1678
879;2010-06-13;transferencia bancaria;889909.00;1679
880;2023-05-13;tarjeta de credito cabal;756594.00;1680
881;2023-05-03;tarjeta de credito visa;405743.00;1681
882;2023-04-18;tarjeta de credito visa;801422.00;1682
883;2023-04-17;tarjeta de credito visa;972471.00;1683
884;2023-04-02;tarjeta de debito Visa;390284.00;1684
885;2023-03-24;tarjeta de credito visa;1414678.00;1685
886;2014-10-02;tarjeta de debito Visa;405743.00;1686
887;2017-03-26;tarjeta de credito cabal;486107.00;1687
888;2023-03-13;transferencia bancaria;676511.00;1688
889;2013-08-21;tarjeta de debito Visa;321164.00;1689
890;2013-05-23;transferencia bancaria;321164.00;1690
891;2017-07-27;tarjeta de credito american express;756594.00;1691
892;2017-08-11;tarjeta de credito american express;905568.00;1692
893;2013-05-14;tarjeta de credito cabal;925892.00;1693
894;2014-09-12;transferencia bancaria;909707.00;1694
895;2023-02-23;tarjeta de debito Visa;1555827.00;1695
896;2015-08-15;tarjeta de credito american express;390284.00;1696
897;2016-05-22;tarjeta de credito visa;925892.00;1697
898;2019-08-19;tarjeta de credito master;972471.00;1698
899;2023-02-16;tarjeta de credito master;390284.00;1699
900;2023-04-14;tarjeta de credito american express;321164.00;1700
901;2018-08-29;tarjeta de debito Visa;390284.00;1701
902;2012-05-27;tarjeta de credito cabal;691278.00;1702
903;2012-07-06;tarjeta de credito master;676511.00;1703
904;2023-01-19;tarjeta de credito visa;889909.00;1704
905;2023-01-10;tarjeta de credito visa;1369561.00;1705
906;2014-10-11;transferencia bancaria;925892.00;1706
907;2014-04-09;transferencia bancaria;250000.00;1707
908;2015-12-27;tarjeta de credito cabal;321164.00;1708
909;2024-04-10;tarjeta de credito visa;470675.00;1709
910;2024-04-01;tarjeta de credito master;478452.00;1710
911;2015-07-31;tarjeta de credito cabal;585268.00;1711
912;2015-07-21;transferencia bancaria;405743.00;1712
913;2015-12-03;tarjeta de credito cabal;606576.00;1713
914;2021-02-02;transferencia bancaria;801422.00;1714
915;2024-03-25;tarjeta de credito master;486107.00;1715
916;2024-03-17;tarjeta de credito american express;676511.00;1716
917;2019-11-20;tarjeta de debito Visa;691278.00;1717
918;2024-02-29;tarjeta de credito cabal;321164.00;1718
919;2024-02-22;tarjeta de debito Visa;905568.00;1719
920;2014-06-01;tarjeta de credito american express;478452.00;1720
921;2024-02-07;tarjeta de credito master;801422.00;1721
922;2015-09-14;tarjeta de credito american express;390284.00;1722
923;2024-02-02;tarjeta de credito cabal;405743.00;1723
924;2024-01-29;tarjeta de debito Visa;691278.00;1724
925;2019-01-18;tarjeta de credito master;756594.00;1725
926;2023-04-29;tarjeta de credito cabal;905568.00;1726
927;2018-11-10;tarjeta de debito Visa;972471.00;1727
928;2023-03-29;tarjeta de credito visa;1170582.00;1728
929;2011-02-20;tarjeta de credito cabal;1232010.00;1729
930;2011-03-23;tarjeta de credito american express;470675.00;1730
931;2013-04-07;tarjeta de credito visa;321164.00;1731
932;2023-03-09;tarjeta de debito Visa;390284.00;1732
933;2017-12-28;tarjeta de credito american express;691278.00;1733
934;2024-01-10;tarjeta de credito master;390284.00;1734
935;2020-04-09;transferencia bancaria;889909.00;1735
936;2016-09-14;transferencia bancaria;321164.00;1736
937;2010-10-09;tarjeta de credito master;457502.00;1737
938;2024-01-01;tarjeta de credito american express;606576.00;1738
939;2018-07-17;tarjeta de credito visa;691278.00;1739
940;2023-12-07;tarjeta de credito american express;1412264.00;1740
941;2017-06-08;tarjeta de credito visa;478452.00;1741
942;2022-03-05;tarjeta de credito cabal;972471.00;1742
943;2019-01-28;tarjeta de credito visa;1369561.00;1743
944;2023-12-03;tarjeta de credito cabal;801422.00;1744
945;2023-11-24;tarjeta de debito Visa;676511.00;1745
946;2023-11-20;transferencia bancaria;405743.00;1746
947;2023-11-14;tarjeta de credito master;390284.00;1747
948;2023-10-09;tarjeta de credito master;470675.00;1748
949;2022-11-09;tarjeta de debito Visa;905568.00;1749
950;2018-06-30;tarjeta de credito visa;321164.00;1750
951;2023-09-09;tarjeta de credito master;405743.00;1751
952;2015-02-11;tarjeta de debito Visa;457502.00;1752
953;2023-08-09;tarjeta de credito cabal;889909.00;1753
954;2023-07-28;tarjeta de credito visa;321164.00;1754
955;2012-06-02;tarjeta de credito master;676511.00;1755
956;2019-04-28;tarjeta de credito master;390284.00;1756
957;2018-07-27;transferencia bancaria;405743.00;1757
958;2023-07-22;transferencia bancaria;321164.00;1758
959;2023-07-17;tarjeta de credito visa;909707.00;1759
960;2017-03-23;tarjeta de credito american express;756594.00;1760
961;2023-07-06;tarjeta de credito visa;478452.00;1761
962;2018-09-06;tarjeta de credito american express;470675.00;1762
963;2023-07-02;tarjeta de credito american express;486107.00;1763
964;2023-06-27;tarjeta de credito master;585268.00;1764
965;2014-11-13;transferencia bancaria;390284.00;1765
966;2023-06-27;tarjeta de credito visa;470675.00;1766
967;2023-06-28;tarjeta de credito cabal;390284.00;1767
968;2022-06-20;transferencia bancaria;321164.00;1768
969;2012-03-26;transferencia bancaria;925892.00;1769
970;2016-04-20;tarjeta de credito cabal;1389138.00;1770
971;2021-07-18;tarjeta de credito master;1412264.00;1771
972;2023-06-25;tarjeta de credito cabal;478452.00;1772
973;2019-08-23;transferencia bancaria;486107.00;1773
974;2016-07-19;transferencia bancaria;486107.00;1774
975;2013-01-14;tarjeta de credito visa;889909.00;1775
976;2023-06-24;tarjeta de credito american express;756594.00;1776
977;2013-11-21;tarjeta de debito Visa;405743.00;1777
978;2018-10-06;tarjeta de credito visa;801422.00;1778
979;2023-05-25;tarjeta de credito visa;972471.00;1779
980;2023-05-24;tarjeta de debito Visa;390284.00;1780
981;2021-10-30;tarjeta de debito Visa;1414678.00;1781
982;2018-10-21;tarjeta de credito visa;405743.00;1782
983;2012-06-17;tarjeta de debito Visa;486107.00;1783
984;2018-10-09;transferencia bancaria;676511.00;1784
985;2022-03-10;tarjeta de debito Visa;321164.00;1785
986;2018-07-28;tarjeta de debito Visa;321164.00;1786
987;2019-06-28;tarjeta de credito cabal;756594.00;1787
988;2023-05-21;tarjeta de credito visa;905568.00;1788
989;2023-05-13;tarjeta de credito american express;925892.00;1789
990;2020-04-26;tarjeta de credito american express;909707.00;1790
991;2023-05-03;tarjeta de credito visa;1555827.00;1791
992;2017-07-02;tarjeta de credito visa;390284.00;1792
993;2023-04-18;tarjeta de credito visa;925892.00;1793
994;2023-04-17;tarjeta de credito master;972471.00;1794
995;2023-04-02;tarjeta de credito american express;390284.00;1795
996;2018-04-24;tarjeta de credito american express;321164.00;1796
997;2013-08-30;tarjeta de credito cabal;390284.00;1797
998;2018-08-12;tarjeta de credito cabal;691278.00;1798
999;2011-07-28;tarjeta de credito visa;676511.00;1799
1000;2023-03-24;tarjeta de credito cabal;889909.00;1800
1001;2024-01-29;tarjeta de credito visa;1369561.00;1801
1002;2018-11-15;tarjeta de credito visa;925892.00;1802
1003;2011-10-02;tarjeta de credito visa;250000.00;1803
1004;2023-03-13;transferencia bancaria;321164.00;1804
1005;2023-02-23;tarjeta de credito master;470675.00;1805
1006;2017-09-03;tarjeta de credito cabal;478452.00;1806
1007;2023-02-16;tarjeta de debito Visa;585268.00;1807
1008;2019-03-19;tarjeta de credito cabal;405743.00;1808
1009;2023-01-19;tarjeta de credito master;606576.00;1809
1010;2020-01-07;tarjeta de credito cabal;801422.00;1810
1011;2023-01-10;transferencia bancaria;486107.00;1811
1012;2024-04-10;tarjeta de credito cabal;676511.00;1812
1013;2024-04-01;tarjeta de credito american express;691278.00;1813
1014;2024-03-25;tarjeta de debito Visa;321164.00;1814
1015;2024-03-17;transferencia bancaria;905568.00;1815
1016;2021-06-22;tarjeta de credito master;478452.00;1816
1017;2024-02-29;transferencia bancaria;801422.00;1817
1018;2014-01-28;tarjeta de credito cabal;390284.00;1818
1019;2024-02-22;tarjeta de debito Visa;405743.00;1819
1020;2024-02-07;tarjeta de credito visa;691278.00;1820
1021;2014-12-10;tarjeta de credito visa;756594.00;1821
1022;2021-09-18;tarjeta de credito cabal;905568.00;1822
1023;2019-09-08;tarjeta de credito cabal;972471.00;1823
1024;2024-02-02;tarjeta de credito master;1170582.00;1824
1025;2024-01-29;transferencia bancaria;1232010.00;1825
1026;2024-01-10;tarjeta de credito visa;470675.00;1826
1027;2024-01-01;tarjeta de credito visa;321164.00;1827
1028;2012-08-09;tarjeta de credito visa;390284.00;1828
1029;2023-12-07;tarjeta de credito master;691278.00;1829
1030;2019-12-10;transferencia bancaria;390284.00;1830
1031;2016-02-04;tarjeta de credito cabal;889909.00;1831
1032;2019-05-15;tarjeta de credito master;321164.00;1832
1033;2015-04-12;tarjeta de credito american express;457502.00;1833
1034;2023-02-12;tarjeta de credito visa;606576.00;1834
1035;2011-02-11;tarjeta de credito american express;691278.00;1835
1036;2023-12-03;tarjeta de credito master;1412264.00;1836
1037;2023-11-24;tarjeta de credito master;478452.00;1837
1038;2010-11-13;tarjeta de credito visa;972471.00;1838
1039;2023-11-20;tarjeta de credito cabal;1369561.00;1839
1040;2016-11-24;tarjeta de debito Visa;801422.00;1840
1041;2019-07-11;tarjeta de debito Visa;676511.00;1841
1042;2023-11-14;tarjeta de credito cabal;405743.00;1842
1043;2012-11-01;tarjeta de credito american express;390284.00;1843
1044;2022-04-26;tarjeta de debito Visa;470675.00;1844
1045;2017-05-22;tarjeta de credito master;905568.00;1845
1046;2023-10-09;tarjeta de debito Visa;321164.00;1846
1047;2018-10-19;tarjeta de credito master;405743.00;1847
1048;2023-09-09;tarjeta de credito cabal;457502.00;1848
1049;2023-08-09;tarjeta de credito cabal;889909.00;1849
1050;2023-07-28;tarjeta de credito cabal;321164.00;1850
1051;2023-07-22;tarjeta de credito master;676511.00;1851
1052;2020-05-31;transferencia bancaria;390284.00;1852
1053;2013-10-27;tarjeta de credito cabal;405743.00;1853
1054;2011-03-20;tarjeta de credito master;321164.00;1854
1055;2012-10-24;tarjeta de credito cabal;909707.00;1855
1056;2022-08-13;transferencia bancaria;756594.00;1856
1057;2015-05-08;tarjeta de debito Visa;478452.00;1857
1058;2017-09-30;tarjeta de credito visa;470675.00;1858
1059;2015-07-23;tarjeta de debito Visa;486107.00;1859
1060;2011-10-13;tarjeta de credito visa;585268.00;1860
1061;2016-04-21;tarjeta de credito visa;390284.00;1861
1062;2014-01-06;tarjeta de credito american express;470675.00;1862
1063;2023-07-17;tarjeta de credito cabal;390284.00;1863
1064;2023-07-06;tarjeta de credito cabal;321164.00;1864
1065;2014-06-14;transferencia bancaria;925892.00;1865
1066;2011-11-11;tarjeta de credito cabal;1389138.00;1866
1067;2023-07-02;transferencia bancaria;1412264.00;1867
1068;2019-01-08;tarjeta de credito cabal;478452.00;1868
1069;2023-06-27;tarjeta de credito visa;486107.00;1869
1070;2023-06-27;tarjeta de credito cabal;486107.00;1870
1071;2015-06-11;tarjeta de credito cabal;889909.00;1871
1072;2012-05-18;tarjeta de credito master;756594.00;1872
1073;2012-09-13;tarjeta de credito master;405743.00;1873
1074;2023-06-25;tarjeta de credito american express;801422.00;1874
1075;2014-05-22;tarjeta de credito master;972471.00;1875
1076;2019-07-24;tarjeta de credito visa;390284.00;1876
1077;2018-12-24;tarjeta de debito Visa;1414678.00;1877
1078;2013-11-11;tarjeta de debito Visa;405743.00;1878
1079;2012-12-22;transferencia bancaria;486107.00;1879
1080;2022-01-08;tarjeta de debito Visa;676511.00;1880
1081;2023-06-24;tarjeta de credito visa;321164.00;1881
1082;2015-06-04;transferencia bancaria;321164.00;1882
1083;2023-05-25;tarjeta de credito visa;756594.00;1883
1084;2020-01-06;tarjeta de credito cabal;905568.00;1884
1085;2023-05-24;tarjeta de credito visa;925892.00;1885
1086;2023-05-21;tarjeta de credito master;909707.00;1886
1087;2010-03-10;tarjeta de debito Visa;1555827.00;1887
1088;2023-05-13;tarjeta de credito cabal;390284.00;1888
1089;2014-02-24;tarjeta de credito master;925892.00;1889
1090;2018-06-19;tarjeta de credito american express;972471.00;1890
1091;2014-01-09;tarjeta de credito cabal;390284.00;1891
1092;2023-06-23;tarjeta de credito cabal;321164.00;1892
1093;2023-05-03;tarjeta de credito cabal;390284.00;1893
1094;2016-03-24;tarjeta de debito Visa;691278.00;1894
1095;2023-04-18;transferencia bancaria;676511.00;1895
1096;2014-10-10;tarjeta de credito visa;889909.00;1896
1097;2021-02-06;tarjeta de credito visa;1369561.00;1897
1098;2023-04-17;tarjeta de credito master;925892.00;1898
1099;2016-07-29;tarjeta de credito visa;250000.00;1899
1100;2017-11-11;tarjeta de debito Visa;321164.00;1900
1101;2023-04-02;tarjeta de debito Visa;470675.00;1901
1102;2012-11-29;transferencia bancaria;478452.00;1902
1103;2012-10-30;tarjeta de credito visa;585268.00;1903
1104;2012-09-23;tarjeta de credito master;405743.00;1904
1105;2019-11-14;tarjeta de debito Visa;606576.00;1905
1106;2014-09-21;transferencia bancaria;801422.00;1906
1107;2020-02-15;transferencia bancaria;486107.00;1907
1108;2010-09-30;tarjeta de credito visa;676511.00;1908
1109;2023-12-28;tarjeta de debito Visa;691278.00;1909
1110;2019-07-17;tarjeta de credito visa;321164.00;1910
1111;2015-09-27;tarjeta de credito visa;905568.00;1911
1112;2023-03-24;tarjeta de credito master;478452.00;1912
1113;2023-07-18;tarjeta de credito american express;801422.00;1913
1114;2023-03-13;tarjeta de credito american express;390284.00;1914
1115;2023-02-23;tarjeta de credito cabal;405743.00;1915
1116;2019-12-28;tarjeta de debito Visa;691278.00;1916
1117;2021-09-27;transferencia bancaria;756594.00;1917
1118;2016-01-23;tarjeta de credito visa;905568.00;1918
1119;2014-07-29;tarjeta de credito visa;972471.00;1919
1120;2010-12-04;tarjeta de credito master;1170582.00;1920
1121;2021-05-26;tarjeta de debito Visa;1232010.00;1921
1122;2023-02-16;tarjeta de credito american express;470675.00;1922
1123;2012-04-10;transferencia bancaria;321164.00;1923
1124;2016-09-20;tarjeta de credito american express;390284.00;1924
1125;2017-04-25;tarjeta de credito cabal;691278.00;1925
1126;2023-01-19;tarjeta de debito Visa;390284.00;1926
1127;2015-06-10;tarjeta de credito master;889909.00;1927
1128;2020-02-21;tarjeta de credito cabal;321164.00;1928
1129;2023-01-10;tarjeta de credito master;457502.00;1929
1130;2022-05-30;tarjeta de credito visa;606576.00;1930
1131;2016-12-19;tarjeta de credito master;691278.00;1931
1132;2018-11-09;tarjeta de debito Visa;1412264.00;1932
1133;2010-02-08;tarjeta de credito american express;478452.00;1933
1134;2020-03-15;tarjeta de credito visa;972471.00;1934
1135;2018-03-25;tarjeta de credito visa;1369561.00;1935
1136;2018-05-16;tarjeta de credito master;801422.00;1936
1137;2023-09-05;tarjeta de credito american express;676511.00;1937
1138;2012-07-28;tarjeta de credito visa;405743.00;1938
1139;2014-03-04;tarjeta de debito Visa;390284.00;1939
1140;2024-04-10;tarjeta de credito visa;470675.00;1940
1141;2019-10-21;tarjeta de credito master;905568.00;1941
1142;2014-02-01;tarjeta de credito master;321164.00;1942
1143;2017-01-20;tarjeta de debito Visa;405743.00;1943
1144;2020-01-05;tarjeta de debito Visa;457502.00;1944
1145;2022-12-18;tarjeta de credito visa;889909.00;1945
1146;2018-01-22;tarjeta de credito visa;321164.00;1946
1147;2024-04-01;tarjeta de credito master;676511.00;1947
1148;2021-12-06;tarjeta de credito cabal;390284.00;1948
1149;2013-11-23;tarjeta de credito cabal;405743.00;1949
1150;2024-03-25;tarjeta de debito Visa;321164.00;1950
1151;2020-03-29;tarjeta de credito master;909707.00;1951
1152;2017-01-03;tarjeta de credito american express;756594.00;1952
1153;2015-07-14;tarjeta de credito american express;478452.00;1953
1154;2019-06-11;tarjeta de credito american express;470675.00;1954
1155;2024-03-17;tarjeta de credito master;486107.00;1955
1156;2024-02-29;tarjeta de debito Visa;585268.00;1956
1157;2024-02-22;tarjeta de credito master;390284.00;1957
1158;2014-12-04;tarjeta de debito Visa;470675.00;1958
1159;2024-02-07;tarjeta de debito Visa;390284.00;1959
1160;2018-10-03;tarjeta de debito Visa;321164.00;1960
1161;2024-02-02;transferencia bancaria;925892.00;1961
1162;2013-11-26;tarjeta de credito visa;1389138.00;1962
1163;2023-06-20;tarjeta de credito cabal;1412264.00;1963
1164;2024-01-29;tarjeta de credito american express;478452.00;1964
1165;2013-02-05;tarjeta de credito visa;486107.00;1965
1166;2024-01-10;tarjeta de credito visa;486107.00;1966
1167;2024-01-01;tarjeta de credito master;889909.00;1967
1168;2014-04-10;tarjeta de debito Visa;756594.00;1968
1169;2022-10-05;tarjeta de credito american express;405743.00;1969
1170;2023-11-29;tarjeta de credito visa;801422.00;1970
1171;2023-12-07;transferencia bancaria;972471.00;1971
1172;2023-12-03;tarjeta de credito american express;390284.00;1972
1173;2022-12-18;tarjeta de credito cabal;1414678.00;1973
1174;2018-03-09;tarjeta de credito american express;405743.00;1974
1175;2023-11-24;tarjeta de credito cabal;486107.00;1975
1176;2012-11-05;tarjeta de credito visa;676511.00;1976
1177;2014-10-05;tarjeta de credito master;321164.00;1977
1178;2014-01-22;transferencia bancaria;321164.00;1978
1179;2013-04-11;tarjeta de credito american express;756594.00;1979
1180;2021-03-31;tarjeta de debito Visa;905568.00;1980
1181;2021-09-19;transferencia bancaria;925892.00;1981
1182;2010-04-07;tarjeta de credito master;909707.00;1982
1183;2023-11-20;tarjeta de credito master;1555827.00;1983
1184;2010-01-20;tarjeta de credito american express;390284.00;1984
1185;2014-01-30;tarjeta de credito american express;925892.00;1985
1186;2012-10-28;tarjeta de credito american express;972471.00;1986
1187;2018-04-08;tarjeta de credito cabal;390284.00;1987
1188;2023-11-14;tarjeta de credito master;321164.00;1988
1189;2019-03-26;transferencia bancaria;390284.00;1989
1190;2022-04-01;transferencia bancaria;691278.00;1990
1191;2023-10-09;transferencia bancaria;676511.00;1991
1192;2022-02-05;transferencia bancaria;889909.00;1992
1193;2012-10-28;tarjeta de credito american express;1369561.00;1993
1194;2023-09-09;tarjeta de debito Visa;925892.00;1994
1195;2023-08-09;transferencia bancaria;250000.00;1995
1196;2023-07-28;tarjeta de debito Visa;321164.00;1996
1197;2023-07-22;tarjeta de credito american express;470675.00;1997
1198;2020-12-21;tarjeta de credito american express;478452.00;1998
1199;2014-11-07;transferencia bancaria;585268.00;1999
